{
  "id": "b96e4458-b78c-faa9-a28a-f5fda2873db7",
  "name": "home",
  "values": [
    {
      "key": "host",
      "value": "127.0.0.1",
      "type": "text",
      "enabled": true
    },
    {
      "key": "port",
      "value": "8080",
      "type": "text",
      "enabled": true
    },
    {
      "key": "serialport",
      "value": "COM27",
      "type": "text",
      "enabled": true
    },
    {
      "key": "mote",
      "value": "00-17-0d-00-00-38-06-45",
      "type": "text",
      "enabled": true
    }
  ],
  "timestamp": 1478963902087,
  "_postman_variable_scope": "environment",
  "_postman_exported_at": "2016-11-12T17:12:22.374Z",
  "_postman_exported_using": "Postman/4.8.3"
}